dedaub,etherscan,evmasm
PUSH1     0x80,PUSH1 0x80,PUSH1 0x80
PUSH1     0x40,PUSH1 0x40,PUSH1 0x40
MSTORE,MSTORE,MSTORE
CALLVALUE,CALLVALUE,CALLVALUE
DUP1,DUP1,DUP1
ISZERO,ISZERO,ISZERO
PUSH2     0x10,PUSH2 0x0010,PUSH2 0x10
JUMPI,JUMPI,JUMPI
PUSH1     0x0,PUSH1 0x00,PUSH1 0x0
DUP1,DUP1,DUP1
REVERT,REVERT,REVERT
JUMPDEST,JUMPDEST,JUMPDEST
POP,POP,POP
PUSH1     0x4,PUSH1 0x04,PUSH1 0x4
CALLDATASIZE,CALLDATASIZE,CALLDATASIZE
LT,LT,LT
PUSH2     0xa9,PUSH2 0x00a9,PUSH2 0xa9
JUMPI,JUMPI,JUMPI
PUSH1     0x0,PUSH1 0x00,PUSH1 0x0
CALLDATALOAD,CALLDATALOAD,CALLDATALOAD
PUSH1     0xe0,PUSH1 0xe0,PUSH1 0xe0
SHR,SHR,SHR
DUP1,DUP1,DUP1
PUSH4     0x39509351,PUSH4 0x39509351,PUSH4 0x39509351
GT,GT,GT
PUSH2     0x71,PUSH2 0x0071,PUSH2 0x71
JUMPI,JUMPI,JUMPI
DUP1,DUP1,DUP1
PUSH4     0x39509351,PUSH4 0x39509351,PUSH4 0x39509351
EQ,EQ,EQ
PUSH2     0x123,PUSH2 0x0123,PUSH2 0x123
JUMPI,JUMPI,JUMPI
DUP1,DUP1,DUP1
PUSH4     0x70a08231,PUSH4 0x70a08231,PUSH4 0x70a08231
EQ,EQ,EQ
PUSH2     0x136,PUSH2 0x0136,PUSH2 0x136
JUMPI,JUMPI,JUMPI
DUP1,DUP1,DUP1
PUSH4     0x95d89b41,PUSH4 0x95d89b41,PUSH4 0x95d89b41
EQ,EQ,EQ
PUSH2     0x15f,PUSH2 0x015f,PUSH2 0x15f
JUMPI,JUMPI,JUMPI
DUP1,DUP1,DUP1
PUSH4     0xa457c2d7,PUSH4 0xa457c2d7,PUSH4 0xa457c2d7
EQ,EQ,EQ
PUSH2     0x167,PUSH2 0x0167,PUSH2 0x167
JUMPI,JUMPI,JUMPI
DUP1,DUP1,DUP1
PUSH4     0xa9059cbb,PUSH4 0xa9059cbb,PUSH4 0xa9059cbb
EQ,EQ,EQ
PUSH2     0x17a,PUSH2 0x017a,PUSH2 0x17a
JUMPI,JUMPI,JUMPI
DUP1,DUP1,DUP1
PUSH4     0xdd62ed3e,PUSH4 0xdd62ed3e,PUSH4 0xdd62ed3e
EQ,EQ,EQ
PUSH2     0x18d,PUSH2 0x018d,PUSH2 0x18d
JUMPI,JUMPI,JUMPI
PUSH1     0x0,PUSH1 0x00,PUSH1 0x0
DUP1,DUP1,DUP1
REVERT,REVERT,REVERT
JUMPDEST,JUMPDEST,JUMPDEST
DUP1,DUP1,DUP1
PUSH4     0x6fdde03,PUSH4 0x06fdde03,PUSH4 0x6fdde03
EQ,EQ,EQ
PUSH2     0xae,PUSH2 0x00ae,PUSH2 0xae
JUMPI,JUMPI,JUMPI
DUP1,DUP1,DUP1
PUSH4     0x95ea7b3,PUSH4 0x095ea7b3,PUSH4 0x95ea7b3
EQ,EQ,EQ
PUSH2     0xcc,PUSH2 0x00cc,PUSH2 0xcc
JUMPI,JUMPI,JUMPI
DUP1,DUP1,DUP1
PUSH4     0x18160ddd,PUSH4 0x18160ddd,PUSH4 0x18160ddd
EQ,EQ,EQ
PUSH2     0xef,PUSH2 0x00ef,PUSH2 0xef
JUMPI,JUMPI,JUMPI
DUP1,DUP1,DUP1
PUSH4     0x23b872dd,PUSH4 0x23b872dd,PUSH4 0x23b872dd
EQ,EQ,EQ
PUSH2     0x101,PUSH2 0x0101,PUSH2 0x101
JUMPI,JUMPI,JUMPI
DUP1,DUP1,DUP1
PUSH4     0x313ce567,PUSH4 0x313ce567,PUSH4 0x313ce567
EQ,EQ,EQ
PUSH2     0x114,PUSH2 0x0114,PUSH2 0x114
JUMPI,JUMPI,JUMPI
JUMPDEST,JUMPDEST,JUMPDEST
PUSH1     0x0,PUSH1 0x00,PUSH1 0x0
DUP1,DUP1,DUP1
REVERT,REVERT,REVERT
JUMPDEST,JUMPDEST,JUMPDEST
PUSH2     0xb6,PUSH2 0x00b6,PUSH2 0xb6
PUSH2     0x1a0,PUSH2 0x01a0,PUSH2 0x1a0
JUMP,JUMP,JUMP
JUMPDEST,JUMPDEST,JUMPDEST
PUSH1     0x40,PUSH1 0x40,PUSH1 0x40
MLOAD,MLOAD,MLOAD
PUSH2     0xc3,PUSH2 0x00c3,PUSH2 0xc3
SWAP2,SWAP2,SWAP2
SWAP1,SWAP1,SWAP1
PUSH2     0x6c6,PUSH2 0x06c6,PUSH2 0x6c6
JUMP,JUMP,JUMP
JUMPDEST,JUMPDEST,JUMPDEST
PUSH1     0x40,PUSH1 0x40,PUSH1 0x40
MLOAD,MLOAD,MLOAD
DUP1,DUP1,DUP1
SWAP2,SWAP2,SWAP2
SUB,SUB,SUB
SWAP1,SWAP1,SWAP1
RETURN,RETURN,RETURN
JUMPDEST,JUMPDEST,JUMPDEST
PUSH2     0xdf,PUSH2 0x00df,PUSH2 0xdf
PUSH2     0xda,PUSH2 0x00da,PUSH2 0xda
CALLDATASIZE,CALLDATASIZE,CALLDATASIZE
PUSH1     0x4,PUSH1 0x04,PUSH1 0x4
PUSH2     0x730,PUSH2 0x0730,PUSH2 0x730
JUMP,JUMP,JUMP
JUMPDEST,JUMPDEST,JUMPDEST
PUSH2     0x232,PUSH2 0x0232,PUSH2 0x232
JUMP,JUMP,JUMP
JUMPDEST,JUMPDEST,JUMPDEST
PUSH1     0x40,PUSH1 0x40,PUSH1 0x40
MLOAD,MLOAD,MLOAD
SWAP1,SWAP1,SWAP1
ISZERO,ISZERO,ISZERO
ISZERO,ISZERO,ISZERO
DUP2,DUP2,DUP2
MSTORE,MSTORE,MSTORE
PUSH1     0x20,PUSH1 0x20,PUSH1 0x20
ADD,ADD,ADD
PUSH2     0xc3,PUSH2 0x00c3,PUSH2 0xc3
JUMP,JUMP,JUMP
JUMPDEST,JUMPDEST,JUMPDEST
PUSH1     0x2,PUSH1 0x02,PUSH1 0x2
SLOAD,SLOAD,SLOAD
JUMPDEST,JUMPDEST,JUMPDEST
PUSH1     0x40,PUSH1 0x40,PUSH1 0x40
MLOAD,MLOAD,MLOAD
SWAP1,SWAP1,SWAP1
DUP2,DUP2,DUP2
MSTORE,MSTORE,MSTORE
PUSH1     0x20,PUSH1 0x20,PUSH1 0x20
ADD,ADD,ADD
PUSH2     0xc3,PUSH2 0x00c3,PUSH2 0xc3
JUMP,JUMP,JUMP
JUMPDEST,JUMPDEST,JUMPDEST
PUSH2     0xdf,PUSH2 0x00df,PUSH2 0xdf
PUSH2     0x10f,PUSH2 0x010f,PUSH2 0x10f
CALLDATASIZE,CALLDATASIZE,CALLDATASIZE
PUSH1     0x4,PUSH1 0x04,PUSH1 0x4
PUSH2     0x75a,PUSH2 0x075a,PUSH2 0x75a
JUMP,JUMP,JUMP
JUMPDEST,JUMPDEST,JUMPDEST
PUSH2     0x24c,PUSH2 0x024c,PUSH2 0x24c
JUMP,JUMP,JUMP
JUMPDEST,JUMPDEST,JUMPDEST
PUSH1     0x40,PUSH1 0x40,PUSH1 0x40
MLOAD,MLOAD,MLOAD
PUSH1     0x12,PUSH1 0x12,PUSH1 0x12
DUP2,DUP2,DUP2
MSTORE,MSTORE,MSTORE
PUSH1     0x20,PUSH1 0x20,PUSH1 0x20
ADD,ADD,ADD
PUSH2     0xc3,PUSH2 0x00c3,PUSH2 0xc3
JUMP,JUMP,JUMP
JUMPDEST,JUMPDEST,JUMPDEST
PUSH2     0xdf,PUSH2 0x00df,PUSH2 0xdf
PUSH2     0x131,PUSH2 0x0131,PUSH2 0x131
CALLDATASIZE,CALLDATASIZE,CALLDATASIZE
PUSH1     0x4,PUSH1 0x04,PUSH1 0x4
PUSH2     0x730,PUSH2 0x0730,PUSH2 0x730
JUMP,JUMP,JUMP
JUMPDEST,JUMPDEST,JUMPDEST
PUSH2     0x270,PUSH2 0x0270,PUSH2 0x270
JUMP,JUMP,JUMP
JUMPDEST,JUMPDEST,JUMPDEST
PUSH2     0xf3,PUSH2 0x00f3,PUSH2 0xf3
PUSH2     0x144,PUSH2 0x0144,PUSH2 0x144
CALLDATASIZE,CALLDATASIZE,CALLDATASIZE
PUSH1     0x4,PUSH1 0x04,PUSH1 0x4
PUSH2     0x796,PUSH2 0x0796,PUSH2 0x796
JUMP,JUMP,JUMP
JUMPDEST,JUMPDEST,JUMPDEST
PUSH1     0x1,PUSH1 0x01,PUSH1 0x1
PUSH1     0x1,PUSH1 0x01,PUSH1 0x1
PUSH1     0xa0,PUSH1 0xa0,PUSH1 0xa0
SHL,SHL,SHL
SUB,SUB,SUB
AND,AND,AND
PUSH1     0x0,PUSH1 0x00,PUSH1 0x0
SWAP1,SWAP1,SWAP1
DUP2,DUP2,DUP2
MSTORE,MSTORE,MSTORE
PUSH1     0x20,PUSH1 0x20,PUSH1 0x20
DUP2,DUP2,DUP2
SWAP1,SWAP1,SWAP1
MSTORE,MSTORE,MSTORE
PUSH1     0x40,PUSH1 0x40,PUSH1 0x40
SWAP1,SWAP1,SWAP1
SHA3,SHA3,SHA3
SLOAD,SLOAD,SLOAD
SWAP1,SWAP1,SWAP1
JUMP,JUMP,JUMP
JUMPDEST,JUMPDEST,JUMPDEST
PUSH2     0xb6,PUSH2 0x00b6,PUSH2 0xb6
PUSH2     0x292,PUSH2 0x0292,PUSH2 0x292
JUMP,JUMP,JUMP
JUMPDEST,JUMPDEST,JUMPDEST
PUSH2     0xdf,PUSH2 0x00df,PUSH2 0xdf
PUSH2     0x175,PUSH2 0x0175,PUSH2 0x175
CALLDATASIZE,CALLDATASIZE,CALLDATASIZE
PUSH1     0x4,PUSH1 0x04,PUSH1 0x4
PUSH2     0x730,PUSH2 0x0730,PUSH2 0x730
JUMP,JUMP,JUMP
JUMPDEST,JUMPDEST,JUMPDEST
PUSH2     0x2a1,PUSH2 0x02a1,PUSH2 0x2a1
JUMP,JUMP,JUMP
JUMPDEST,JUMPDEST,JUMPDEST
PUSH2     0xdf,PUSH2 0x00df,PUSH2 0xdf
PUSH2     0x188,PUSH2 0x0188,PUSH2 0x188
CALLDATASIZE,CALLDATASIZE,CALLDATASIZE
PUSH1     0x4,PUSH1 0x04,PUSH1 0x4
PUSH2     0x730,PUSH2 0x0730,PUSH2 0x730
JUMP,JUMP,JUMP
JUMPDEST,JUMPDEST,JUMPDEST
PUSH2     0x321,PUSH2 0x0321,PUSH2 0x321
JUMP,JUMP,JUMP
JUMPDEST,JUMPDEST,JUMPDEST
PUSH2     0xf3,PUSH2 0x00f3,PUSH2 0xf3
PUSH2     0x19b,PUSH2 0x019b,PUSH2 0x19b
CALLDATASIZE,CALLDATASIZE,CALLDATASIZE
PUSH1     0x4,PUSH1 0x04,PUSH1 0x4
PUSH2     0x7b8,PUSH2 0x07b8,PUSH2 0x7b8
JUMP,JUMP,JUMP
JUMPDEST,JUMPDEST,JUMPDEST
PUSH2     0x32f,PUSH2 0x032f,PUSH2 0x32f
JUMP,JUMP,JUMP
JUMPDEST,JUMPDEST,JUMPDEST
PUSH1     0x60,PUSH1 0x60,PUSH1 0x60
PUSH1     0x3,PUSH1 0x03,PUSH1 0x3
DUP1,DUP1,DUP1
SLOAD,SLOAD,SLOAD
PUSH2     0x1af,PUSH2 0x01af,PUSH2 0x1af
SWAP1,SWAP1,SWAP1
PUSH2     0x7eb,PUSH2 0x07eb,PUSH2 0x7eb
JUMP,JUMP,JUMP
JUMPDEST,JUMPDEST,JUMPDEST
DUP1,DUP1,DUP1
PUSH1     0x1f,PUSH1 0x1f,PUSH1 0x1f
ADD,ADD,ADD
PUSH1     0x20,PUSH1 0x20,PUSH1 0x20
DUP1,DUP1,DUP1
SWAP2,SWAP2,SWAP2
DIV,DIV,DIV
MUL,MUL,MUL
PUSH1     0x20,PUSH1 0x20,PUSH1 0x20
ADD,ADD,ADD
PUSH1     0x40,PUSH1 0x40,PUSH1 0x40
MLOAD,MLOAD,MLOAD
SWAP1,SWAP1,SWAP1
DUP2,DUP2,DUP2
ADD,ADD,ADD
PUSH1     0x40,PUSH1 0x40,PUSH1 0x40
MSTORE,MSTORE,MSTORE
DUP1,DUP1,DUP1
SWAP3,SWAP3,SWAP3
SWAP2,SWAP2,SWAP2
SWAP1,SWAP1,SWAP1
DUP2,DUP2,DUP2
DUP2,DUP2,DUP2
MSTORE,MSTORE,MSTORE
PUSH1     0x20,PUSH1 0x20,PUSH1 0x20
ADD,ADD,ADD
DUP3,DUP3,DUP3
DUP1,DUP1,DUP1
SLOAD,SLOAD,SLOAD
PUSH2     0x1db,PUSH2 0x01db,PUSH2 0x1db
SWAP1,SWAP1,SWAP1
PUSH2     0x7eb,PUSH2 0x07eb,PUSH2 0x7eb
JUMP,JUMP,JUMP
JUMPDEST,JUMPDEST,JUMPDEST
DUP1,DUP1,DUP1
ISZERO,ISZERO,ISZERO
PUSH2     0x228,PUSH2 0x0228,PUSH2 0x228
JUMPI,JUMPI,JUMPI
DUP1,DUP1,DUP1
PUSH1     0x1f,PUSH1 0x1f,PUSH1 0x1f
LT,LT,LT
PUSH2     0x1fd,PUSH2 0x01fd,PUSH2 0x1fd
JUMPI,JUMPI,JUMPI
PUSH2     0x100,PUSH2 0x0100,PUSH2 0x100
DUP1,DUP1,DUP1
DUP4,DUP4,DUP4
SLOAD,SLOAD,SLOAD
DIV,DIV,DIV
MUL,MUL,MUL
DUP4,DUP4,DUP4
MSTORE,MSTORE,MSTORE
SWAP2,SWAP2,SWAP2
PUSH1     0x20,PUSH1 0x20,PUSH1 0x20
ADD,ADD,ADD
SWAP2,SWAP2,SWAP2
PUSH2     0x228,PUSH2 0x0228,PUSH2 0x228
JUMP,JUMP,JUMP
JUMPDEST,JUMPDEST,JUMPDEST
DUP3,DUP3,DUP3
ADD,ADD,ADD
SWAP2,SWAP2,SWAP2
SWAP1,SWAP1,SWAP1
PUSH1     0x0,PUSH1 0x00,PUSH1 0x0
MSTORE,MSTORE,MSTORE
PUSH1     0x20,PUSH1 0x20,PUSH1 0x20
PUSH1     0x0,PUSH1 0x00,PUSH1 0x0
SHA3,SHA3,SHA3
SWAP1,SWAP1,SWAP1
JUMPDEST,JUMPDEST,JUMPDEST
DUP2,DUP2,DUP2
SLOAD,SLOAD,SLOAD
DUP2,DUP2,DUP2
MSTORE,MSTORE,MSTORE
SWAP1,SWAP1,SWAP1
PUSH1     0x1,PUSH1 0x01,PUSH1 0x1
ADD,ADD,ADD
SWAP1,SWAP1,SWAP1
PUSH1     0x20,PUSH1 0x20,PUSH1 0x20
ADD,ADD,ADD
DUP1,DUP1,DUP1
DUP4,DUP4,DUP4
GT,GT,GT
PUSH2     0x20b,PUSH2 0x020b,PUSH2 0x20b
JUMPI,JUMPI,JUMPI
DUP3,DUP3,DUP3
SWAP1,SWAP1,SWAP1
SUB,SUB,SUB
PUSH1     0x1f,PUSH1 0x1f,PUSH1 0x1f
AND,AND,AND
DUP3,DUP3,DUP3
ADD,ADD,ADD
SWAP2,SWAP2,SWAP2
JUMPDEST,JUMPDEST,JUMPDEST
POP,POP,POP
POP,POP,POP
POP,POP,POP
POP,POP,POP
POP,POP,POP
SWAP1,SWAP1,SWAP1
POP,POP,POP
SWAP1,SWAP1,SWAP1
JUMP,JUMP,JUMP
JUMPDEST,JUMPDEST,JUMPDEST
PUSH1     0x0,PUSH1 0x00,PUSH1 0x0
CALLER,CALLER,CALLER
PUSH2     0x240,PUSH2 0x0240,PUSH2 0x240
DUP2,DUP2,DUP2
DUP6,DUP6,DUP6
DUP6,DUP6,DUP6
PUSH2     0x35a,PUSH2 0x035a,PUSH2 0x35a
JUMP,JUMP,JUMP
JUMPDEST,JUMPDEST,JUMPDEST
PUSH1     0x1,PUSH1 0x01,PUSH1 0x1
SWAP2,SWAP2,SWAP2
POP,POP,POP
POP,POP,POP
JUMPDEST,JUMPDEST,JUMPDEST
SWAP3,SWAP3,SWAP3
SWAP2,SWAP2,SWAP2
POP,POP,POP
POP,POP,POP
JUMP,JUMP,JUMP
JUMPDEST,JUMPDEST,JUMPDEST
PUSH1     0x0,PUSH1 0x00,PUSH1 0x0
CALLER,CALLER,CALLER
PUSH2     0x25a,PUSH2 0x025a,PUSH2 0x25a
DUP6,DUP6,DUP6
DUP3,DUP3,DUP3
DUP6,DUP6,DUP6
PUSH2     0x47e,PUSH2 0x047e,PUSH2 0x47e
JUMP,JUMP,JUMP
JUMPDEST,JUMPDEST,JUMPDEST
PUSH2     0x265,PUSH2 0x0265,PUSH2 0x265
DUP6,DUP6,DUP6
DUP6,DUP6,DUP6
DUP6,DUP6,DUP6
PUSH2     0x4f8,PUSH2 0x04f8,PUSH2 0x4f8
JUMP,JUMP,JUMP
JUMPDEST,JUMPDEST,JUMPDEST
POP,POP,POP
PUSH1     0x1,PUSH1 0x01,PUSH1 0x1
SWAP5,SWAP5,SWAP5
SWAP4,SWAP4,SWAP4
POP,POP,POP
POP,POP,POP
POP,POP,POP
POP,POP,POP
JUMP,JUMP,JUMP
JUMPDEST,JUMPDEST,JUMPDEST
PUSH1     0x0,PUSH1 0x00,PUSH1 0x0
CALLER,CALLER,CALLER
PUSH2     0x240,PUSH2 0x0240,PUSH2 0x240
DUP2,DUP2,DUP2
DUP6,DUP6,DUP6
DUP6,DUP6,DUP6
PUSH2     0x283,PUSH2 0x0283,PUSH2 0x283
DUP4,DUP4,DUP4
DUP4,DUP4,DUP4
PUSH2     0x32f,PUSH2 0x032f,PUSH2 0x32f
JUMP,JUMP,JUMP
JUMPDEST,JUMPDEST,JUMPDEST
PUSH2     0x28d,PUSH2 0x028d,PUSH2 0x28d
SWAP2,SWAP2,SWAP2
SWAP1,SWAP1,SWAP1
PUSH2     0x825,PUSH2 0x0825,PUSH2 0x825
JUMP,JUMP,JUMP
JUMPDEST,JUMPDEST,JUMPDEST
PUSH2     0x35a,PUSH2 0x035a,PUSH2 0x35a
JUMP,JUMP,JUMP
JUMPDEST,JUMPDEST,JUMPDEST
PUSH1     0x60,PUSH1 0x60,PUSH1 0x60
PUSH1     0x4,PUSH1 0x04,PUSH1 0x4
DUP1,DUP1,DUP1
SLOAD,SLOAD,SLOAD
PUSH2     0x1af,PUSH2 0x01af,PUSH2 0x1af
SWAP1,SWAP1,SWAP1
PUSH2     0x7eb,PUSH2 0x07eb,PUSH2 0x7eb
JUMP,JUMP,JUMP
JUMPDEST,JUMPDEST,JUMPDEST
PUSH1     0x0,PUSH1 0x00,PUSH1 0x0
CALLER,CALLER,CALLER
DUP2,DUP2,DUP2
PUSH2     0x2af,PUSH2 0x02af,PUSH2 0x2af
DUP3,DUP3,DUP3
DUP7,DUP7,DUP7
PUSH2     0x32f,PUSH2 0x032f,PUSH2 0x32f
JUMP,JUMP,JUMP
JUMPDEST,JUMPDEST,JUMPDEST
SWAP1,SWAP1,SWAP1
POP,POP,POP
DUP4,DUP4,DUP4
DUP2,DUP2,DUP2
LT,LT,LT
ISZERO,ISZERO,ISZERO
PUSH2     0x314,PUSH2 0x0314,PUSH2 0x314
JUMPI,JUMPI,JUMPI
PUSH1     0x40,PUSH1 0x40,PUSH1 0x40
MLOAD,MLOAD,MLOAD
PUSH3     0x461bcd,PUSH3 0x461bcd,PUSH3 0x461bcd
PUSH1     0xe5,PUSH1 0xe5,PUSH1 0xe5
SHL,SHL,SHL
DUP2,DUP2,DUP2
MSTORE,MSTORE,MSTORE
PUSH1     0x20,PUSH1 0x20,PUSH1 0x20
PUSH1     0x4,PUSH1 0x04,PUSH1 0x4
DUP3,DUP3,DUP3
ADD,ADD,ADD
MSTORE,MSTORE,MSTORE
PUSH1     0x25,PUSH1 0x25,PUSH1 0x25
PUSH1     0x24,PUSH1 0x24,PUSH1 0x24
DUP3,DUP3,DUP3
ADD,ADD,ADD
MSTORE,MSTORE,MSTORE
PUSH32    0x45524332303a2064656372656173656420616c6c6f77616e63652062656c6f77,PUSH32 0x45524332303a2064656372656173656420616c6c6f77616e63652062656c6f77,PUSH32 0x45524332303a2064656372656173656420616c6c6f77616e63652062656c6f77
PUSH1     0x44,PUSH1 0x44,PUSH1 0x44
DUP3,DUP3,DUP3
ADD,ADD,ADD
MSTORE,MSTORE,MSTORE
PUSH5     0x207a65726f,PUSH5 0x207a65726f,PUSH5 0x207a65726f
PUSH1     0xd8,PUSH1 0xd8,PUSH1 0xd8
SHL,SHL,SHL
PUSH1     0x64,PUSH1 0x64,PUSH1 0x64
DUP3,DUP3,DUP3
ADD,ADD,ADD
MSTORE,MSTORE,MSTORE
PUSH1     0x84,PUSH1 0x84,PUSH1 0x84
ADD,ADD,ADD
JUMPDEST,JUMPDEST,JUMPDEST
PUSH1     0x40,PUSH1 0x40,PUSH1 0x40
MLOAD,MLOAD,MLOAD
DUP1,DUP1,DUP1
SWAP2,SWAP2,SWAP2
SUB,SUB,SUB
SWAP1,SWAP1,SWAP1
REVERT,REVERT,REVERT
JUMPDEST,JUMPDEST,JUMPDEST
PUSH2     0x265,PUSH2 0x0265,PUSH2 0x265
DUP3,DUP3,DUP3
DUP7,DUP7,DUP7
DUP7,DUP7,DUP7
DUP5,DUP5,DUP5
SUB,SUB,SUB
PUSH2     0x35a,PUSH2 0x035a,PUSH2 0x35a
JUMP,JUMP,JUMP
JUMPDEST,JUMPDEST,JUMPDEST
PUSH1     0x0,PUSH1 0x00,PUSH1 0x0
CALLER,CALLER,CALLER
PUSH2     0x240,PUSH2 0x0240,PUSH2 0x240
DUP2,DUP2,DUP2
DUP6,DUP6,DUP6
DUP6,DUP6,DUP6
PUSH2     0x4f8,PUSH2 0x04f8,PUSH2 0x4f8
JUMP,JUMP,JUMP
JUMPDEST,JUMPDEST,JUMPDEST
PUSH1     0x1,PUSH1 0x01,PUSH1 0x1
PUSH1     0x1,PUSH1 0x01,PUSH1 0x1
PUSH1     0xa0,PUSH1 0xa0,PUSH1 0xa0
SHL,SHL,SHL
SUB,SUB,SUB
SWAP2,SWAP2,SWAP2
DUP3,DUP3,DUP3
AND,AND,AND
PUSH1     0x0,PUSH1 0x00,PUSH1 0x0
SWAP1,SWAP1,SWAP1
DUP2,DUP2,DUP2
MSTORE,MSTORE,MSTORE
PUSH1     0x1,PUSH1 0x01,PUSH1 0x1
PUSH1     0x20,PUSH1 0x20,PUSH1 0x20
SWAP1,SWAP1,SWAP1
DUP2,DUP2,DUP2
MSTORE,MSTORE,MSTORE
PUSH1     0x40,PUSH1 0x40,PUSH1 0x40
DUP1,DUP1,DUP1
DUP4,DUP4,DUP4
SHA3,SHA3,SHA3
SWAP4,SWAP4,SWAP4
SWAP1,SWAP1,SWAP1
SWAP5,SWAP5,SWAP5
AND,AND,AND
DUP3,DUP3,DUP3
MSTORE,MSTORE,MSTORE
SWAP2,SWAP2,SWAP2
SWAP1,SWAP1,SWAP1
SWAP2,SWAP2,SWAP2
MSTORE,MSTORE,MSTORE
SHA3,SHA3,SHA3
SLOAD,SLOAD,SLOAD
SWAP1,SWAP1,SWAP1
JUMP,JUMP,JUMP
JUMPDEST,JUMPDEST,JUMPDEST
PUSH1     0x1,PUSH1 0x01,PUSH1 0x1
PUSH1     0x1,PUSH1 0x01,PUSH1 0x1
PUSH1     0xa0,PUSH1 0xa0,PUSH1 0xa0
SHL,SHL,SHL
SUB,SUB,SUB
DUP4,DUP4,DUP4
AND,AND,AND
PUSH2     0x3bc,PUSH2 0x03bc,PUSH2 0x3bc
JUMPI,JUMPI,JUMPI
PUSH1     0x40,PUSH1 0x40,PUSH1 0x40
MLOAD,MLOAD,MLOAD
PUSH3     0x461bcd,PUSH3 0x461bcd,PUSH3 0x461bcd
PUSH1     0xe5,PUSH1 0xe5,PUSH1 0xe5
SHL,SHL,SHL
DUP2,DUP2,DUP2
MSTORE,MSTORE,MSTORE
PUSH1     0x20,PUSH1 0x20,PUSH1 0x20
PUSH1     0x4,PUSH1 0x04,PUSH1 0x4
DUP3,DUP3,DUP3
ADD,ADD,ADD
MSTORE,MSTORE,MSTORE
PUSH1     0x24,PUSH1 0x24,PUSH1 0x24
DUP1,DUP1,DUP1
DUP3,DUP3,DUP3
ADD,ADD,ADD
MSTORE,MSTORE,MSTORE
PUSH32    0x45524332303a20617070726f76652066726f6d20746865207a65726f20616464,PUSH32 0x45524332303a20617070726f76652066726f6d20746865207a65726f20616464,PUSH32 0x45524332303a20617070726f76652066726f6d20746865207a65726f20616464
PUSH1     0x44,PUSH1 0x44,PUSH1 0x44
DUP3,DUP3,DUP3
ADD,ADD,ADD
MSTORE,MSTORE,MSTORE
PUSH4     0x72657373,PUSH4 0x72657373,PUSH4 0x72657373
PUSH1     0xe0,PUSH1 0xe0,PUSH1 0xe0
SHL,SHL,SHL
PUSH1     0x64,PUSH1 0x64,PUSH1 0x64
DUP3,DUP3,DUP3
ADD,ADD,ADD
MSTORE,MSTORE,MSTORE
PUSH1     0x84,PUSH1 0x84,PUSH1 0x84
ADD,ADD,ADD
PUSH2     0x30b,PUSH2 0x030b,PUSH2 0x30b
JUMP,JUMP,JUMP
JUMPDEST,JUMPDEST,JUMPDEST
PUSH1     0x1,PUSH1 0x01,PUSH1 0x1
PUSH1     0x1,PUSH1 0x01,PUSH1 0x1
PUSH1     0xa0,PUSH1 0xa0,PUSH1 0xa0
SHL,SHL,SHL
SUB,SUB,SUB
DUP3,DUP3,DUP3
AND,AND,AND
PUSH2     0x41d,PUSH2 0x041d,PUSH2 0x41d
JUMPI,JUMPI,JUMPI
PUSH1     0x40,PUSH1 0x40,PUSH1 0x40
MLOAD,MLOAD,MLOAD
PUSH3     0x461bcd,PUSH3 0x461bcd,PUSH3 0x461bcd
PUSH1     0xe5,PUSH1 0xe5,PUSH1 0xe5
SHL,SHL,SHL
DUP2,DUP2,DUP2
MSTORE,MSTORE,MSTORE
PUSH1     0x20,PUSH1 0x20,PUSH1 0x20
PUSH1     0x4,PUSH1 0x04,PUSH1 0x4
DUP3,DUP3,DUP3
ADD,ADD,ADD
MSTORE,MSTORE,MSTORE
PUSH1     0x22,PUSH1 0x22,PUSH1 0x22
PUSH1     0x24,PUSH1 0x24,PUSH1 0x24
DUP3,DUP3,DUP3
ADD,ADD,ADD
MSTORE,MSTORE,MSTORE
PUSH32    0x45524332303a20617070726f766520746f20746865207a65726f206164647265,PUSH32 0x45524332303a20617070726f766520746f20746865207a65726f206164647265,PUSH32 0x45524332303a20617070726f766520746f20746865207a65726f206164647265
PUSH1     0x44,PUSH1 0x44,PUSH1 0x44
DUP3,DUP3,DUP3
ADD,ADD,ADD
MSTORE,MSTORE,MSTORE
PUSH2     0x7373,PUSH2 0x7373,PUSH2 0x7373
PUSH1     0xf0,PUSH1 0xf0,PUSH1 0xf0
SHL,SHL,SHL
PUSH1     0x64,PUSH1 0x64,PUSH1 0x64
DUP3,DUP3,DUP3
ADD,ADD,ADD
MSTORE,MSTORE,MSTORE
PUSH1     0x84,PUSH1 0x84,PUSH1 0x84
ADD,ADD,ADD
PUSH2     0x30b,PUSH2 0x030b,PUSH2 0x30b
JUMP,JUMP,JUMP
JUMPDEST,JUMPDEST,JUMPDEST
PUSH1     0x1,PUSH1 0x01,PUSH1 0x1
PUSH1     0x1,PUSH1 0x01,PUSH1 0x1
PUSH1     0xa0,PUSH1 0xa0,PUSH1 0xa0
SHL,SHL,SHL
SUB,SUB,SUB
DUP4,DUP4,DUP4
DUP2,DUP2,DUP2
AND,AND,AND
PUSH1     0x0,PUSH1 0x00,PUSH1 0x0
DUP2,DUP2,DUP2
DUP2,DUP2,DUP2
MSTORE,MSTORE,MSTORE
PUSH1     0x1,PUSH1 0x01,PUSH1 0x1
PUSH1     0x20,PUSH1 0x20,PUSH1 0x20
SWAP1,SWAP1,SWAP1
DUP2,DUP2,DUP2
MSTORE,MSTORE,MSTORE
PUSH1     0x40,PUSH1 0x40,PUSH1 0x40
DUP1,DUP1,DUP1
DUP4,DUP4,DUP4
SHA3,SHA3,SHA3
SWAP5,SWAP5,SWAP5
DUP8,DUP8,DUP8
AND,AND,AND
DUP1,DUP1,DUP1
DUP5,DUP5,DUP5
MSTORE,MSTORE,MSTORE
SWAP5,SWAP5,SWAP5
DUP3,DUP3,DUP3
MSTORE,MSTORE,MSTORE
SWAP2,SWAP2,SWAP2
DUP3,DUP3,DUP3
SWAP1,SWAP1,SWAP1
SHA3,SHA3,SHA3
DUP6,DUP6,DUP6
SWAP1,SWAP1,SWAP1
SSTORE,SSTORE,SSTORE
SWAP1,SWAP1,SWAP1
MLOAD,MLOAD,MLOAD
DUP5,DUP5,DUP5
DUP2,DUP2,DUP2
MSTORE,MSTORE,MSTORE
PUSH32    0x8c5be1e5ebec7d5bd14f71427d1e84f3dd0314c0f7b2291e5b200ac8c7c3b925,PUSH32 0x8c5be1e5ebec7d5bd14f71427d1e84f3dd0314c0f7b2291e5b200ac8c7c3b925,PUSH32 0x8c5be1e5ebec7d5bd14f71427d1e84f3dd0314c0f7b2291e5b200ac8c7c3b925
SWAP2,SWAP2,SWAP2
ADD,ADD,ADD
PUSH1     0x40,PUSH1 0x40,PUSH1 0x40
MLOAD,MLOAD,MLOAD
DUP1,DUP1,DUP1
SWAP2,SWAP2,SWAP2
SUB,SUB,SUB
SWAP1,SWAP1,SWAP1
LOG3,LOG3,LOG3
POP,POP,POP
POP,POP,POP
POP,POP,POP
JUMP,JUMP,JUMP
JUMPDEST,JUMPDEST,JUMPDEST
PUSH1     0x0,PUSH1 0x00,PUSH1 0x0
PUSH2     0x48a,PUSH2 0x048a,PUSH2 0x48a
DUP5,DUP5,DUP5
DUP5,DUP5,DUP5
PUSH2     0x32f,PUSH2 0x032f,PUSH2 0x32f
JUMP,JUMP,JUMP
JUMPDEST,JUMPDEST,JUMPDEST
SWAP1,SWAP1,SWAP1
POP,POP,POP
PUSH1     0x0,PUSH1 0x00,PUSH1 0x0
NOT,NOT,NOT
DUP2,DUP2,DUP2
EQ,EQ,EQ
PUSH2     0x4f2,PUSH2 0x04f2,PUSH2 0x4f2
JUMPI,JUMPI,JUMPI
DUP2,DUP2,DUP2
DUP2,DUP2,DUP2
LT,LT,LT
ISZERO,ISZERO,ISZERO
PUSH2     0x4e5,PUSH2 0x04e5,PUSH2 0x4e5
JUMPI,JUMPI,JUMPI
PUSH1     0x40,PUSH1 0x40,PUSH1 0x40
MLOAD,MLOAD,MLOAD
PUSH3     0x461bcd,PUSH3 0x461bcd,PUSH3 0x461bcd
PUSH1     0xe5,PUSH1 0xe5,PUSH1 0xe5
SHL,SHL,SHL
DUP2,DUP2,DUP2
MSTORE,MSTORE,MSTORE
PUSH1     0x20,PUSH1 0x20,PUSH1 0x20
PUSH1     0x4,PUSH1 0x04,PUSH1 0x4
DUP3,DUP3,DUP3
ADD,ADD,ADD
MSTORE,MSTORE,MSTORE
PUSH1     0x1d,PUSH1 0x1d,PUSH1 0x1d
PUSH1     0x24,PUSH1 0x24,PUSH1 0x24
DUP3,DUP3,DUP3
ADD,ADD,ADD
MSTORE,MSTORE,MSTORE
PUSH32    0x45524332303a20696e73756666696369656e7420616c6c6f77616e6365000000,PUSH32 0x45524332303a20696e73756666696369656e7420616c6c6f77616e6365000000,PUSH32 0x45524332303a20696e73756666696369656e7420616c6c6f77616e6365000000
PUSH1     0x44,PUSH1 0x44,PUSH1 0x44
DUP3,DUP3,DUP3
ADD,ADD,ADD
MSTORE,MSTORE,MSTORE
PUSH1     0x64,PUSH1 0x64,PUSH1 0x64
ADD,ADD,ADD
PUSH2     0x30b,PUSH2 0x030b,PUSH2 0x30b
JUMP,JUMP,JUMP
JUMPDEST,JUMPDEST,JUMPDEST
PUSH2     0x4f2,PUSH2 0x04f2,PUSH2 0x4f2
DUP5,DUP5,DUP5
DUP5,DUP5,DUP5
DUP5,DUP5,DUP5
DUP5,DUP5,DUP5
SUB,SUB,SUB
PUSH2     0x35a,PUSH2 0x035a,PUSH2 0x35a
JUMP,JUMP,JUMP
JUMPDEST,JUMPDEST,JUMPDEST
POP,POP,POP
POP,POP,POP
POP,POP,POP
POP,POP,POP
JUMP,JUMP,JUMP
JUMPDEST,JUMPDEST,JUMPDEST
PUSH1     0x1,PUSH1 0x01,PUSH1 0x1
PUSH1     0x1,PUSH1 0x01,PUSH1 0x1
PUSH1     0xa0,PUSH1 0xa0,PUSH1 0xa0
SHL,SHL,SHL
SUB,SUB,SUB
DUP4,DUP4,DUP4
AND,AND,AND
PUSH2     0x55c,PUSH2 0x055c,PUSH2 0x55c
JUMPI,JUMPI,JUMPI
PUSH1     0x40,PUSH1 0x40,PUSH1 0x40
MLOAD,MLOAD,MLOAD
PUSH3     0x461bcd,PUSH3 0x461bcd,PUSH3 0x461bcd
PUSH1     0xe5,PUSH1 0xe5,PUSH1 0xe5
SHL,SHL,SHL
DUP2,DUP2,DUP2
MSTORE,MSTORE,MSTORE
PUSH1     0x20,PUSH1 0x20,PUSH1 0x20
PUSH1     0x4,PUSH1 0x04,PUSH1 0x4
DUP3,DUP3,DUP3
ADD,ADD,ADD
MSTORE,MSTORE,MSTORE
PUSH1     0x25,PUSH1 0x25,PUSH1 0x25
PUSH1     0x24,PUSH1 0x24,PUSH1 0x24
DUP3,DUP3,DUP3
ADD,ADD,ADD
MSTORE,MSTORE,MSTORE
PUSH32    0x45524332303a207472616e736665722066726f6d20746865207a65726f206164,PUSH32 0x45524332303a207472616e736665722066726f6d20746865207a65726f206164,PUSH32 0x45524332303a207472616e736665722066726f6d20746865207a65726f206164
PUSH1     0x44,PUSH1 0x44,PUSH1 0x44
DUP3,DUP3,DUP3
ADD,ADD,ADD
MSTORE,MSTORE,MSTORE
PUSH5     0x6472657373,PUSH5 0x6472657373,PUSH5 0x6472657373
PUSH1     0xd8,PUSH1 0xd8,PUSH1 0xd8
SHL,SHL,SHL
PUSH1     0x64,PUSH1 0x64,PUSH1 0x64
DUP3,DUP3,DUP3
ADD,ADD,ADD
MSTORE,MSTORE,MSTORE
PUSH1     0x84,PUSH1 0x84,PUSH1 0x84
ADD,ADD,ADD
PUSH2     0x30b,PUSH2 0x030b,PUSH2 0x30b
JUMP,JUMP,JUMP
JUMPDEST,JUMPDEST,JUMPDEST
PUSH1     0x1,PUSH1 0x01,PUSH1 0x1
PUSH1     0x1,PUSH1 0x01,PUSH1 0x1
PUSH1     0xa0,PUSH1 0xa0,PUSH1 0xa0
SHL,SHL,SHL
SUB,SUB,SUB
DUP3,DUP3,DUP3
AND,AND,AND
PUSH2     0x5be,PUSH2 0x05be,PUSH2 0x5be
JUMPI,JUMPI,JUMPI
PUSH1     0x40,PUSH1 0x40,PUSH1 0x40
MLOAD,MLOAD,MLOAD
PUSH3     0x461bcd,PUSH3 0x461bcd,PUSH3 0x461bcd
PUSH1     0xe5,PUSH1 0xe5,PUSH1 0xe5
SHL,SHL,SHL
DUP2,DUP2,DUP2
MSTORE,MSTORE,MSTORE
PUSH1     0x20,PUSH1 0x20,PUSH1 0x20
PUSH1     0x4,PUSH1 0x04,PUSH1 0x4
DUP3,DUP3,DUP3
ADD,ADD,ADD
MSTORE,MSTORE,MSTORE
PUSH1     0x23,PUSH1 0x23,PUSH1 0x23
PUSH1     0x24,PUSH1 0x24,PUSH1 0x24
DUP3,DUP3,DUP3
ADD,ADD,ADD
MSTORE,MSTORE,MSTORE
PUSH32    0x45524332303a207472616e7366657220746f20746865207a65726f2061646472,PUSH32 0x45524332303a207472616e7366657220746f20746865207a65726f2061646472,PUSH32 0x45524332303a207472616e7366657220746f20746865207a65726f2061646472
PUSH1     0x44,PUSH1 0x44,PUSH1 0x44
DUP3,DUP3,DUP3
ADD,ADD,ADD
MSTORE,MSTORE,MSTORE
PUSH3     0x657373,PUSH3 0x657373,PUSH3 0x657373
PUSH1     0xe8,PUSH1 0xe8,PUSH1 0xe8
SHL,SHL,SHL
PUSH1     0x64,PUSH1 0x64,PUSH1 0x64
DUP3,DUP3,DUP3
ADD,ADD,ADD
MSTORE,MSTORE,MSTORE
PUSH1     0x84,PUSH1 0x84,PUSH1 0x84
ADD,ADD,ADD
PUSH2     0x30b,PUSH2 0x030b,PUSH2 0x30b
JUMP,JUMP,JUMP
JUMPDEST,JUMPDEST,JUMPDEST
PUSH1     0x1,PUSH1 0x01,PUSH1 0x1
PUSH1     0x1,PUSH1 0x01,PUSH1 0x1
PUSH1     0xa0,PUSH1 0xa0,PUSH1 0xa0
SHL,SHL,SHL
SUB,SUB,SUB
DUP4,DUP4,DUP4
AND,AND,AND
PUSH1     0x0,PUSH1 0x00,PUSH1 0x0
SWAP1,SWAP1,SWAP1
DUP2,DUP2,DUP2
MSTORE,MSTORE,MSTORE
PUSH1     0x20,PUSH1 0x20,PUSH1 0x20
DUP2,DUP2,DUP2
SWAP1,SWAP1,SWAP1
MSTORE,MSTORE,MSTORE
PUSH1     0x40,PUSH1 0x40,PUSH1 0x40
SWAP1,SWAP1,SWAP1
SHA3,SHA3,SHA3
SLOAD,SLOAD,SLOAD
DUP2,DUP2,DUP2
DUP2,DUP2,DUP2
LT,LT,LT
ISZERO,ISZERO,ISZERO
PUSH2     0x636,PUSH2 0x0636,PUSH2 0x636
JUMPI,JUMPI,JUMPI
PUSH1     0x40,PUSH1 0x40,PUSH1 0x40
MLOAD,MLOAD,MLOAD
PUSH3     0x461bcd,PUSH3 0x461bcd,PUSH3 0x461bcd
PUSH1     0xe5,PUSH1 0xe5,PUSH1 0xe5
SHL,SHL,SHL
DUP2,DUP2,DUP2
MSTORE,MSTORE,MSTORE
PUSH1     0x20,PUSH1 0x20,PUSH1 0x20
PUSH1     0x4,PUSH1 0x04,PUSH1 0x4
DUP3,DUP3,DUP3
ADD,ADD,ADD
MSTORE,MSTORE,MSTORE
PUSH1     0x26,PUSH1 0x26,PUSH1 0x26
PUSH1     0x24,PUSH1 0x24,PUSH1 0x24
DUP3,DUP3,DUP3
ADD,ADD,ADD
MSTORE,MSTORE,MSTORE
PUSH32    0x45524332303a207472616e7366657220616d6f756e7420657863656564732062,PUSH32 0x45524332303a207472616e7366657220616d6f756e7420657863656564732062,PUSH32 0x45524332303a207472616e7366657220616d6f756e7420657863656564732062
PUSH1     0x44,PUSH1 0x44,PUSH1 0x44
DUP3,DUP3,DUP3
ADD,ADD,ADD
MSTORE,MSTORE,MSTORE
PUSH6     0x616c616e6365,PUSH6 0x616c616e6365,PUSH6 0x616c616e6365
PUSH1     0xd0,PUSH1 0xd0,PUSH1 0xd0
SHL,SHL,SHL
PUSH1     0x64,PUSH1 0x64,PUSH1 0x64
DUP3,DUP3,DUP3
ADD,ADD,ADD
MSTORE,MSTORE,MSTORE
PUSH1     0x84,PUSH1 0x84,PUSH1 0x84
ADD,ADD,ADD
PUSH2     0x30b,PUSH2 0x030b,PUSH2 0x30b
JUMP,JUMP,JUMP
JUMPDEST,JUMPDEST,JUMPDEST
PUSH1     0x1,PUSH1 0x01,PUSH1 0x1
PUSH1     0x1,PUSH1 0x01,PUSH1 0x1
PUSH1     0xa0,PUSH1 0xa0,PUSH1 0xa0
SHL,SHL,SHL
SUB,SUB,SUB
DUP1,DUP1,DUP1
DUP6,DUP6,DUP6
AND,AND,AND
PUSH1     0x0,PUSH1 0x00,PUSH1 0x0
SWAP1,SWAP1,SWAP1
DUP2,DUP2,DUP2
MSTORE,MSTORE,MSTORE
PUSH1     0x20,PUSH1 0x20,PUSH1 0x20
DUP2,DUP2,DUP2
SWAP1,SWAP1,SWAP1
MSTORE,MSTORE,MSTORE
PUSH1     0x40,PUSH1 0x40,PUSH1 0x40
DUP1,DUP1,DUP1
DUP3,DUP3,DUP3
SHA3,SHA3,SHA3
DUP6,DUP6,DUP6
DUP6,DUP6,DUP6
SUB,SUB,SUB
SWAP1,SWAP1,SWAP1
SSTORE,SSTORE,SSTORE
SWAP2,SWAP2,SWAP2
DUP6,DUP6,DUP6
AND,AND,AND
DUP2,DUP2,DUP2
MSTORE,MSTORE,MSTORE
SWAP1,SWAP1,SWAP1
DUP2,DUP2,DUP2
SHA3,SHA3,SHA3
DUP1,DUP1,DUP1
SLOAD,SLOAD,SLOAD
DUP5,DUP5,DUP5
SWAP3,SWAP3,SWAP3
SWAP1,SWAP1,SWAP1
PUSH2     0x66d,PUSH2 0x066d,PUSH2 0x66d
SWAP1,SWAP1,SWAP1
DUP5,DUP5,DUP5
SWAP1,SWAP1,SWAP1
PUSH2     0x825,PUSH2 0x0825,PUSH2 0x825
JUMP,JUMP,JUMP
JUMPDEST,JUMPDEST,JUMPDEST
SWAP3,SWAP3,SWAP3
POP,POP,POP
POP,POP,POP
DUP2,DUP2,DUP2
SWAP1,SWAP1,SWAP1
SSTORE,SSTORE,SSTORE
POP,POP,POP
DUP3,DUP3,DUP3
PUSH1     0x1,PUSH1 0x01,PUSH1 0x1
PUSH1     0x1,PUSH1 0x01,PUSH1 0x1
PUSH1     0xa0,PUSH1 0xa0,PUSH1 0xa0
SHL,SHL,SHL
SUB,SUB,SUB
AND,AND,AND
DUP5,DUP5,DUP5
PUSH1     0x1,PUSH1 0x01,PUSH1 0x1
PUSH1     0x1,PUSH1 0x01,PUSH1 0x1
PUSH1     0xa0,PUSH1 0xa0,PUSH1 0xa0
SHL,SHL,SHL
SUB,SUB,SUB
AND,AND,AND
PUSH32    0xddf252ad1be2c89b69c2b068fc378daa952ba7f163c4a11628f55a4df523b3ef,PUSH32 0xddf252ad1be2c89b69c2b068fc378daa952ba7f163c4a11628f55a4df523b3ef,PUSH32 0xddf252ad1be2c89b69c2b068fc378daa952ba7f163c4a11628f55a4df523b3ef
DUP5,DUP5,DUP5
PUSH1     0x40,PUSH1 0x40,PUSH1 0x40
MLOAD,MLOAD,MLOAD
PUSH2     0x6b9,PUSH2 0x06b9,PUSH2 0x6b9
SWAP2,SWAP2,SWAP2
DUP2,DUP2,DUP2
MSTORE,MSTORE,MSTORE
PUSH1     0x20,PUSH1 0x20,PUSH1 0x20
ADD,ADD,ADD
SWAP1,SWAP1,SWAP1
JUMP,JUMP,JUMP
JUMPDEST,JUMPDEST,JUMPDEST
PUSH1     0x40,PUSH1 0x40,PUSH1 0x40
MLOAD,MLOAD,MLOAD
DUP1,DUP1,DUP1
SWAP2,SWAP2,SWAP2
SUB,SUB,SUB
SWAP1,SWAP1,SWAP1
LOG3,LOG3,LOG3
PUSH2     0x4f2,PUSH2 0x04f2,PUSH2 0x4f2
JUMP,JUMP,JUMP
JUMPDEST,JUMPDEST,JUMPDEST
PUSH1     0x0,PUSH1 0x00,PUSH1 0x0
PUSH1     0x20,PUSH1 0x20,PUSH1 0x20
DUP1,DUP1,DUP1
DUP4,DUP4,DUP4
MSTORE,MSTORE,MSTORE
DUP4,DUP4,DUP4
MLOAD,MLOAD,MLOAD
DUP1,DUP1,DUP1
DUP3,DUP3,DUP3
DUP6,DUP6,DUP6
ADD,ADD,ADD
MSTORE,MSTORE,MSTORE
PUSH1     0x0,PUSH1 0x00,PUSH1 0x0
JUMPDEST,JUMPDEST,JUMPDEST
DUP2,DUP2,DUP2
DUP2,DUP2,DUP2
LT,LT,LT
ISZERO,ISZERO,ISZERO
PUSH2     0x6f3,PUSH2 0x06f3,PUSH2 0x6f3
JUMPI,JUMPI,JUMPI
DUP6,DUP6,DUP6
DUP2,DUP2,DUP2
ADD,ADD,ADD
DUP4,DUP4,DUP4
ADD,ADD,ADD
MLOAD,MLOAD,MLOAD
DUP6,DUP6,DUP6
DUP3,DUP3,DUP3
ADD,ADD,ADD
PUSH1     0x40,PUSH1 0x40,PUSH1 0x40
ADD,ADD,ADD
MSTORE,MSTORE,MSTORE
DUP3,DUP3,DUP3
ADD,ADD,ADD
PUSH2     0x6d7,PUSH2 0x06d7,PUSH2 0x6d7
JUMP,JUMP,JUMP
JUMPDEST,JUMPDEST,JUMPDEST
POP,POP,POP
PUSH1     0x0,PUSH1 0x00,PUSH1 0x0
PUSH1     0x40,PUSH1 0x40,PUSH1 0x40
DUP3,DUP3,DUP3
DUP7,DUP7,DUP7
ADD,ADD,ADD
ADD,ADD,ADD
MSTORE,MSTORE,MSTORE
PUSH1     0x40,PUSH1 0x40,PUSH1 0x40
PUSH1     0x1f,PUSH1 0x1f,PUSH1 0x1f
NOT,NOT,NOT
PUSH1     0x1f,PUSH1 0x1f,PUSH1 0x1f
DUP4,DUP4,DUP4
ADD,ADD,ADD
AND,AND,AND
DUP6,DUP6,DUP6
ADD,ADD,ADD
ADD,ADD,ADD
SWAP3,SWAP3,SWAP3
POP,POP,POP
POP,POP,POP
POP,POP,POP
SWAP3,SWAP3,SWAP3
SWAP2,SWAP2,SWAP2
POP,POP,POP
POP,POP,POP
JUMP,JUMP,JUMP
JUMPDEST,JUMPDEST,JUMPDEST
DUP1,DUP1,DUP1
CALLDATALOAD,CALLDATALOAD,CALLDATALOAD
PUSH1     0x1,PUSH1 0x01,PUSH1 0x1
PUSH1     0x1,PUSH1 0x01,PUSH1 0x1
PUSH1     0xa0,PUSH1 0xa0,PUSH1 0xa0
SHL,SHL,SHL
SUB,SUB,SUB
DUP2,DUP2,DUP2
AND,AND,AND
DUP2,DUP2,DUP2
EQ,EQ,EQ
PUSH2     0x72b,PUSH2 0x072b,PUSH2 0x72b
JUMPI,JUMPI,JUMPI
PUSH1     0x0,PUSH1 0x00,PUSH1 0x0
DUP1,DUP1,DUP1
REVERT,REVERT,REVERT
JUMPDEST,JUMPDEST,JUMPDEST
SWAP2,SWAP2,SWAP2
SWAP1,SWAP1,SWAP1
POP,POP,POP
JUMP,JUMP,JUMP
JUMPDEST,JUMPDEST,JUMPDEST
PUSH1     0x0,PUSH1 0x00,PUSH1 0x0
DUP1,DUP1,DUP1
PUSH1     0x40,PUSH1 0x40,PUSH1 0x40
DUP4,DUP4,DUP4
DUP6,DUP6,DUP6
SUB,SUB,SUB
SLT,SLT,SLT
ISZERO,ISZERO,ISZERO
PUSH2     0x743,PUSH2 0x0743,PUSH2 0x743
JUMPI,JUMPI,JUMPI
PUSH1     0x0,PUSH1 0x00,PUSH1 0x0
DUP1,DUP1,DUP1
REVERT,REVERT,REVERT
JUMPDEST,JUMPDEST,JUMPDEST
PUSH2     0x74c,PUSH2 0x074c,PUSH2 0x74c
DUP4,DUP4,DUP4
PUSH2     0x714,PUSH2 0x0714,PUSH2 0x714
JUMP,JUMP,JUMP
JUMPDEST,JUMPDEST,JUMPDEST
SWAP5,SWAP5,SWAP5
PUSH1     0x20,PUSH1 0x20,PUSH1 0x20
SWAP4,SWAP4,SWAP4
SWAP1,SWAP1,SWAP1
SWAP4,SWAP4,SWAP4
ADD,ADD,ADD
CALLDATALOAD,CALLDATALOAD,CALLDATALOAD
SWAP4,SWAP4,SWAP4
POP,POP,POP
POP,POP,POP
POP,POP,POP
JUMP,JUMP,JUMP
JUMPDEST,JUMPDEST,JUMPDEST
PUSH1     0x0,PUSH1 0x00,PUSH1 0x0
DUP1,DUP1,DUP1
PUSH1     0x0,PUSH1 0x00,PUSH1 0x0
PUSH1     0x60,PUSH1 0x60,PUSH1 0x60
DUP5,DUP5,DUP5
DUP7,DUP7,DUP7
SUB,SUB,SUB
SLT,SLT,SLT
ISZERO,ISZERO,ISZERO
PUSH2     0x76f,PUSH2 0x076f,PUSH2 0x76f
JUMPI,JUMPI,JUMPI
PUSH1     0x0,PUSH1 0x00,PUSH1 0x0
DUP1,DUP1,DUP1
REVERT,REVERT,REVERT
JUMPDEST,JUMPDEST,JUMPDEST
PUSH2     0x778,PUSH2 0x0778,PUSH2 0x778
DUP5,DUP5,DUP5
PUSH2     0x714,PUSH2 0x0714,PUSH2 0x714
JUMP,JUMP,JUMP
JUMPDEST,JUMPDEST,JUMPDEST
SWAP3,SWAP3,SWAP3
POP,POP,POP
PUSH2     0x786,PUSH2 0x0786,PUSH2 0x786
PUSH1     0x20,PUSH1 0x20,PUSH1 0x20
DUP6,DUP6,DUP6
ADD,ADD,ADD
PUSH2     0x714,PUSH2 0x0714,PUSH2 0x714
JUMP,JUMP,JUMP
JUMPDEST,JUMPDEST,JUMPDEST
SWAP2,SWAP2,SWAP2
POP,POP,POP
PUSH1     0x40,PUSH1 0x40,PUSH1 0x40
DUP5,DUP5,DUP5
ADD,ADD,ADD
CALLDATALOAD,CALLDATALOAD,CALLDATALOAD
SWAP1,SWAP1,SWAP1
POP,POP,POP
SWAP3,SWAP3,SWAP3
POP,POP,POP
SWAP3,SWAP3,SWAP3
POP,POP,POP
SWAP3,SWAP3,SWAP3
JUMP,JUMP,JUMP
JUMPDEST,JUMPDEST,JUMPDEST
PUSH1     0x0,PUSH1 0x00,PUSH1 0x0
PUSH1     0x20,PUSH1 0x20,PUSH1 0x20
DUP3,DUP3,DUP3
DUP5,DUP5,DUP5
SUB,SUB,SUB
SLT,SLT,SLT
ISZERO,ISZERO,ISZERO
PUSH2     0x7a8,PUSH2 0x07a8,PUSH2 0x7a8
JUMPI,JUMPI,JUMPI
PUSH1     0x0,PUSH1 0x00,PUSH1 0x0
DUP1,DUP1,DUP1
REVERT,REVERT,REVERT
JUMPDEST,JUMPDEST,JUMPDEST
PUSH2     0x7b1,PUSH2 0x07b1,PUSH2 0x7b1
DUP3,DUP3,DUP3
PUSH2     0x714,PUSH2 0x0714,PUSH2 0x714
JUMP,JUMP,JUMP
JUMPDEST,JUMPDEST,JUMPDEST
SWAP4,SWAP4,SWAP4
SWAP3,SWAP3,SWAP3
POP,POP,POP
POP,POP,POP
POP,POP,POP
JUMP,JUMP,JUMP
JUMPDEST,JUMPDEST,JUMPDEST
PUSH1     0x0,PUSH1 0x00,PUSH1 0x0
DUP1,DUP1,DUP1
PUSH1     0x40,PUSH1 0x40,PUSH1 0x40
DUP4,DUP4,DUP4
DUP6,DUP6,DUP6
SUB,SUB,SUB
SLT,SLT,SLT
ISZERO,ISZERO,ISZERO
PUSH2     0x7cb,PUSH2 0x07cb,PUSH2 0x7cb
JUMPI,JUMPI,JUMPI
PUSH1     0x0,PUSH1 0x00,PUSH1 0x0
DUP1,DUP1,DUP1
REVERT,REVERT,REVERT
JUMPDEST,JUMPDEST,JUMPDEST
PUSH2     0x7d4,PUSH2 0x07d4,PUSH2 0x7d4
DUP4,DUP4,DUP4
PUSH2     0x714,PUSH2 0x0714,PUSH2 0x714
JUMP,JUMP,JUMP
JUMPDEST,JUMPDEST,JUMPDEST
SWAP2,SWAP2,SWAP2
POP,POP,POP
PUSH2     0x7e2,PUSH2 0x07e2,PUSH2 0x7e2
PUSH1     0x20,PUSH1 0x20,PUSH1 0x20
DUP5,DUP5,DUP5
ADD,ADD,ADD
PUSH2     0x714,PUSH2 0x0714,PUSH2 0x714
JUMP,JUMP,JUMP
JUMPDEST,JUMPDEST,JUMPDEST
SWAP1,SWAP1,SWAP1
POP,POP,POP
SWAP3,SWAP3,SWAP3
POP,POP,POP
SWAP3,SWAP3,SWAP3
SWAP1,SWAP1,SWAP1
POP,POP,POP
JUMP,JUMP,JUMP
JUMPDEST,JUMPDEST,JUMPDEST
PUSH1     0x1,PUSH1 0x01,PUSH1 0x1
DUP2,DUP2,DUP2
DUP2,DUP2,DUP2
SHR,SHR,SHR
SWAP1,SWAP1,SWAP1
DUP3,DUP3,DUP3
AND,AND,AND
DUP1,DUP1,DUP1
PUSH2     0x7ff,PUSH2 0x07ff,PUSH2 0x7ff
JUMPI,JUMPI,JUMPI
PUSH1     0x7f,PUSH1 0x7f,PUSH1 0x7f
DUP3,DUP3,DUP3
AND,AND,AND
SWAP2,SWAP2,SWAP2
POP,POP,POP
JUMPDEST,JUMPDEST,JUMPDEST
PUSH1     0x20,PUSH1 0x20,PUSH1 0x20
DUP3,DUP3,DUP3
LT,LT,LT
DUP2,DUP2,DUP2
SUB,SUB,SUB
PUSH2     0x81f,PUSH2 0x081f,PUSH2 0x81f
JUMPI,JUMPI,JUMPI
PUSH4     0x4e487b71,PUSH4 0x4e487b71,PUSH4 0x4e487b71
PUSH1     0xe0,PUSH1 0xe0,PUSH1 0xe0
SHL,SHL,SHL
PUSH1     0x0,PUSH1 0x00,PUSH1 0x0
MSTORE,MSTORE,MSTORE
PUSH1     0x22,PUSH1 0x22,PUSH1 0x22
PUSH1     0x4,PUSH1 0x04,PUSH1 0x4
MSTORE,MSTORE,MSTORE
PUSH1     0x24,PUSH1 0x24,PUSH1 0x24
PUSH1     0x0,PUSH1 0x00,PUSH1 0x0
REVERT,REVERT,REVERT
JUMPDEST,JUMPDEST,JUMPDEST
POP,POP,POP
SWAP2,SWAP2,SWAP2
SWAP1,SWAP1,SWAP1
POP,POP,POP
JUMP,JUMP,JUMP
JUMPDEST,JUMPDEST,JUMPDEST
DUP1,DUP1,DUP1
DUP3,DUP3,DUP3
ADD,ADD,ADD
DUP1,DUP1,DUP1
DUP3,DUP3,DUP3
GT,GT,GT
ISZERO,ISZERO,ISZERO
PUSH2     0x246,PUSH2 0x0246,PUSH2 0x246
JUMPI,JUMPI,JUMPI
PUSH4     0x4e487b71,PUSH4 0x4e487b71,PUSH4 0x4e487b71
PUSH1     0xe0,PUSH1 0xe0,PUSH1 0xe0
SHL,SHL,SHL
PUSH1     0x0,PUSH1 0x00,PUSH1 0x0
MSTORE,MSTORE,MSTORE
PUSH1     0x11,PUSH1 0x11,PUSH1 0x11
PUSH1     0x4,PUSH1 0x04,PUSH1 0x4
MSTORE,MSTORE,MSTORE
PUSH1     0x24,PUSH1 0x24,PUSH1 0x24
PUSH1     0x0,PUSH1 0x00,PUSH1 0x0
REVERT,REVERT,REVERT
INVALID,'fe'(Unknown Opcode),INVALID
LOG2,LOG2,LOG2
PUSH5     0x6970667358,PUSH5 0x6970667358,PUSH5 0x6970667358
MISSING,'22'(Unknown Opcode),INVALID
SLT,SLT,SLT
SHA3,SHA3,SHA3
CALLVALUE,CALLVALUE,CALLVALUE
PUSH7     0x96726d992c376c,PUSH7 0x96726d992c376c,PUSH7 0x96726d992c376c
MISSING,'bd'(Unknown Opcode),INVALID
EXTCODESIZE,EXTCODESIZE,EXTCODESIZE
ORIGIN,ORIGIN,ORIGIN
MISSING,'b9'(Unknown Opcode),INVALID
BLOCKHASH,BLOCKHASH,BLOCKHASH
DUP4,DUP4,DUP4
SHA3,SHA3,SHA3
DUP7,DUP7,DUP7
CALLDATALOAD,CALLDATALOAD,CALLDATALOAD
SIGNEXTEND,SIGNEXTEND,SIGNEXTEND
SELFBALANCE,SELFBALANCE,SELFBALANCE
MISSING,'cd'(Unknown Opcode),INVALID
MISSING,'a6'(Unknown Opcode),INVALID
GT,GT,GT
REVERT,REVERT,REVERT
PUSH7     0xa5687cdc291ff5,PUSH7 0xa5687cdc291ff5,PUSH7 0xa5687cdc291ff5
PUSH5     0x736f6c6343,PUSH5 0x736f6c6343,PUSH5 0x736f6c6343
STOP,STOP,STOP
ADDMOD,ADDMOD,ADDMOD
GT,GT,GT
STOP,STOP,STOP
CALLER,CALLER,CALLER
